"title","category","location","description","keywords","start_date","start_time","end_date","end_time","alarm","recur_type","recur_end_date","recur_interval","recur_data"
"WH-Prüfung","StundenplanTW","EDV_A2.06","Stundenplan
WH-Prüfung
bachinge
if-3
EDV_A2.06","Stundenplan","09.09.2019","17:50:00","09.09.2019","19:20:00",,,,,
"WH-Prüfung","StundenplanTW","EDV_A2.06","Stundenplan
WH-Prüfung
bachinge
if-3
EDV_A2.06","Stundenplan","09.09.2019","18:35:00","09.09.2019","19:20:00",,,,,
"WH-Prüfung","StundenplanTW","EDV_F1.02","Stundenplan
WH-Prüfung
richter
if-3
EDV_F1.02","Stundenplan","09.09.2019","18:35:00","09.09.2019","19:20:00",,,,,
"WH-Prüfung","StundenplanTW","HS_A1.05","Stundenplan
WH-Prüfung
felleitn
if-3
HS_A1.05","Stundenplan","10.09.2019","16:10:00","10.09.2019","17:40:00",,,,,
"komm.Prüf.","StundenplanTW","UEB_A1.06","Stundenplan
komm.Prüf.
salzbrunn
if-3C
UEB_A1.06","Stundenplan","12.09.2019","09:40:00","12.09.2019","11:10:00",,,,,
"komm.Prüf.","StundenplanTW","UEB_A1.06","Stundenplan
komm.Prüf.
salzbrunn
if-3C
UEB_A1.06","Stundenplan","12.09.2019","10:25:00","12.09.2019","11:10:00",,,,,
"komm.Prüf.","StundenplanTW","UEB_A1.06","Stundenplan
komm.Prüf.
schweiger
if-3C
UEB_A1.06","Stundenplan","12.09.2019","10:25:00","12.09.2019","11:10:00",,,,,
"Mathe2","StundenplanTW","HS_A1.04A","Stundenplan
Mathe2
kuba
if-3
HS_A1.04A","Stundenplan","12.09.2019","17:50:00","12.09.2019","19:20:00",,,,,
"Mathe2","StundenplanTW","HS_A1.04B","Stundenplan
Mathe2
porchet
if-3
HS_A1.04B","Stundenplan","12.09.2019","17:50:00","12.09.2019","19:20:00",,,,,
"Mathe2","StundenplanTW","HS_A1.04A","Stundenplan
Mathe2
simeonov
if-3
HS_A1.04A","Stundenplan","12.09.2019","17:50:00","12.09.2019","19:20:00",,,,,
"Mathe2","StundenplanTW","HS_A1.04A","Stundenplan
Mathe2
kuba
if-3
HS_A1.04A","Stundenplan","12.09.2019","18:35:00","12.09.2019","19:20:00",,,,,
"Mathe2","StundenplanTW","HS_A1.04B","Stundenplan
Mathe2
kuba
if-3
HS_A1.04B","Stundenplan","12.09.2019","18:35:00","12.09.2019","19:20:00",,,,,
"Mathe2","StundenplanTW","HS_A1.04B","Stundenplan
Mathe2
porchet
if-3
HS_A1.04B","Stundenplan","12.09.2019","18:35:00","12.09.2019","19:20:00",,,,,
"Mathe2","StundenplanTW","HS_A1.04A","Stundenplan
Mathe2
porchet
if-3
HS_A1.04A","Stundenplan","12.09.2019","18:35:00","12.09.2019","19:20:00",,,,,
"Mathe2","StundenplanTW","HS_A1.04A","Stundenplan
Mathe2
simeonov
if-3
HS_A1.04A","Stundenplan","12.09.2019","18:35:00","12.09.2019","19:20:00",,,,,
"Mathe2","StundenplanTW","HS_A1.04B","Stundenplan
Mathe2
simeonov
if-3
HS_A1.04B","Stundenplan","12.09.2019","18:35:00","12.09.2019","19:20:00",,,,,
"AI-VO","StundenplanTW","HS_A1.05","Stundenplan
AI
RedlChr
BIF-3C 
HS_A1.05","Stundenplan","16.09.2019","09:40:00","16.09.2019","11:10:00",,,,,
"SWE-VO","StundenplanTW","HS_A1.04A","Stundenplan
SWE
ZaczekAr
BIF-3C 
HS_A1.04A","Stundenplan","16.09.2019","11:20:00","16.09.2019","12:50:00",,,,,
"AIT-SE","StundenplanTW","SEM_F5.03","Stundenplan
AIT
SawczyNi
BIF-3C1
SEM_F5.03","Stundenplan","16.09.2019","13:35:00","16.09.2019","17:40:00",,,,,
"WH-Prüfung","StundenplanTW","EDV_F2.02","Stundenplan
WH-Prüfung
pfeiffer
if-3C
EDV_F2.02","Stundenplan","17.09.2019","17:50:00","17.09.2019","19:20:00",,,,,
"DBS-VO","StundenplanTW","HS_F2.03","Stundenplan
DBS
DocsekMa
BIF-3C 
HS_F2.03","Stundenplan","18.09.2019","11:20:00","18.09.2019","12:50:00",,,,,
"WP DMDB","StundenplanTW","EDV_F1.02","Stundenplan
WP DMDB
docsekm
if-3
EDV_F1.02","Stundenplan","18.09.2019","14:30:00","18.09.2019","16:00:00",,,,,
"PJM2-VO","StundenplanTW","HS_F0.02","Stundenplan
PJM2
SchweiSv
BIF-3C 
HS_F0.02","Stundenplan","19.09.2019","12:50:00","19.09.2019","14:20:00",,,,,
"VSYS-VO","StundenplanTW","HS_F2.03","Stundenplan
VSYS
NimmerAl
BIF-3C 
HS_F2.03","Stundenplan","19.09.2019","16:10:00","19.09.2019","17:40:00",,,,,
"MAT-VO","StundenplanTW","HS_F0.02","Stundenplan
MAT
SimeonEm
BIF-3C 
HS_F0.02","Stundenplan","20.09.2019","09:40:00","20.09.2019","11:10:00",,,,,
"ETS-SE","StundenplanTW","HS_F4.01","Stundenplan
ETS
Van DaMa
BIF-3C1
HS_F4.01","Stundenplan","23.09.2019","11:20:00","23.09.2019","12:50:00",,,,,
"INN1-ILV","StundenplanTW","HS_A1.05","Stundenplan
INN1
EckkraFl / WahlHa
BIF-3C 
HS_A1.05","Stundenplan","23.09.2019","12:50:00","23.09.2019","14:20:00",,,,,
"SWE-UE","StundenplanTW","EDV_A2.06","Stundenplan
SWE
PetzMa / WallisBe
BIF-3C 
EDV_A2.06","Stundenplan","23.09.2019","16:10:00","23.09.2019","17:40:00",,,,,
"VSYS-UE","StundenplanTW","EDV_F4.24","Stundenplan
VSYS
PfeiffRe / RongitTh
BIF-3C 
EDV_F4.24","Stundenplan","24.09.2019","09:40:00","24.09.2019","11:10:00",,,,,
"MAT-VO","StundenplanTW","HS_A1.04A","Stundenplan
MAT
SimeonEm
BIF-3C 
HS_A1.04A","Stundenplan","24.09.2019","11:20:00","24.09.2019","12:50:00",,,,,
"MOSY-UE","StundenplanTW","HS_A3.14","Stundenplan
MOSY
WallerDa
BIF-3C 
HS_A3.14","Stundenplan","24.09.2019","12:50:00","24.09.2019","14:20:00",,,,,
"DBS-UE","StundenplanTW","EDV_A6.08","Stundenplan
DBS
DocsekMa / WottawFr
BIF-3C 
EDV_A6.08","Stundenplan","24.09.2019","16:10:00","24.09.2019","17:40:00",,,,,
"WH-Prüfung","StundenplanTW","EDV_A2.06","Stundenplan
WH-Prüfung
gholweg
if-3C
EDV_A2.06","Stundenplan","25.09.2019","11:20:00","25.09.2019","12:50:00",,,,,
"WH-Prüfung","StundenplanTW","EDV_A2.06","Stundenplan
WH-Prüfung
gholweg
if-3C
EDV_A2.06","Stundenplan","25.09.2019","12:05:00","25.09.2019","12:50:00",,,,,
"WH-Prüfung","StundenplanTW","EDV_A2.06","Stundenplan
WH-Prüfung
pohn
if-3C
EDV_A2.06","Stundenplan","25.09.2019","12:05:00","25.09.2019","12:50:00",,,,,
"AI-UE","StundenplanTW","EDV_F1.02","Stundenplan
AI
RedlChr / SpielvCl
BIF-3C 
EDV_F1.02","Stundenplan","25.09.2019","15:15:00","25.09.2019","16:55:00",,,,,
"DAS-VO","StundenplanTW","HS_A1.04A","Stundenplan
DAS
MenseAl
BIF-3C 
HS_A1.04A","Stundenplan","26.09.2019","08:00:00","26.09.2019","09:30:00",,,,,
"SWE-UE","StundenplanTW","EDV_A6.09","Stundenplan
SWE
HofmanAl / ZaczekAr
BIF-3C 
EDV_A6.09","Stundenplan","26.09.2019","09:40:00","26.09.2019","11:10:00",,,,,
"DAS-UE","StundenplanTW","EDV_F4.25","Stundenplan
DAS
MenseAl
BIF-3C 
EDV_F4.25","Stundenplan","26.09.2019","11:20:00","26.09.2019","12:50:00",,,,,
"PJM2-UE","StundenplanTW","UEB_A1.06","Stundenplan
PJM2
SchweiSv
BIF-3C 
UEB_A1.06","Stundenplan","26.09.2019","14:30:00","26.09.2019","16:00:00",,,,,
"MAT-VO","StundenplanTW","HS_A1.04A","Stundenplan
MAT
SimeonEm
BIF-3C 
HS_A1.04A","Stundenplan","27.09.2019","09:40:00","27.09.2019","11:10:00",,,,,
"AIT-SE","StundenplanTW","SEM_F5.10","Stundenplan
AIT
SawczyNi
BIF-3C1
SEM_F5.10","Stundenplan","30.09.2019","08:00:00","30.09.2019","12:05:00",,,,,
"ETS-SE","StundenplanTW","HS_F4.02","Stundenplan
ETS
Van DaMa
BIF-3C1
HS_F4.02","Stundenplan","30.09.2019","12:50:00","30.09.2019","14:20:00",,,,,
"MAT-VO","StundenplanTW","HS_A1.04A","Stundenplan
MAT
SimeonEm
BIF-3C 
HS_A1.04A","Stundenplan","30.09.2019","14:30:00","30.09.2019","16:00:00",,,,,
"WH-Prüfung","StundenplanTW","HS_A3.14","Stundenplan
WH-Prüfung
nimm
if-3C
HS_A3.14","Stundenplan","02.10.2019","08:45:00","02.10.2019","10:25:00",,,,,
"DBS-VO","StundenplanTW","HS_F2.03","Stundenplan
DBS
DocsekMa
BIF-3C 
HS_F2.03","Stundenplan","02.10.2019","12:05:00","02.10.2019","13:35:00",,,,,
"MOSY-VO","StundenplanTW","HS_F0.02","Stundenplan
MOSY
WallerDa
BIF-3C 
HS_F0.02","Stundenplan","02.10.2019","13:35:00","02.10.2019","15:15:00",,,,,
"AI-VO","StundenplanTW","HS_F2.03","Stundenplan
AI
RedlChr
BIF-3C 
HS_F2.03","Stundenplan","02.10.2019","15:15:00","02.10.2019","16:55:00",,,,,
"VSYS-VO","StundenplanTW","HS_A1.04A","Stundenplan
VSYS
NimmerAl
BIF-3C 
HS_A1.04A","Stundenplan","03.10.2019","11:20:00","03.10.2019","12:50:00",,,,,
"DAS-VO","StundenplanTW","HS_A1.05","Stundenplan
DAS
MenseAl
BIF-3C 
HS_A1.05","Stundenplan","03.10.2019","12:50:00","03.10.2019","14:20:00",,,,,
"SWE-UE","StundenplanTW","EDV_A2.06","Stundenplan
SWE
PetzMa / WallisBe
BIF-3C 
EDV_A2.06","Stundenplan","03.10.2019","14:30:00","03.10.2019","16:00:00",,,,,
"WH-Prüfung","StundenplanTW","HS_F2.01","Stundenplan
WH-Prüfung
simeonov
if-3
HS_F2.01","Stundenplan","03.10.2019","18:35:00","03.10.2019","20:15:00",,,,,
"WH-Prüfung","StundenplanTW","EDV_F2.02","Stundenplan
WH-Prüfung
kalteneg
if-3C
EDV_F2.02","Stundenplan","04.10.2019","12:50:00","04.10.2019","15:15:00",,,,,
"DBS-UE","StundenplanTW","EDV_A2.07","Stundenplan
DBS
DocsekMa / WottawFr
BIF-3C 
EDV_A2.07","Stundenplan","07.10.2019","11:20:00","07.10.2019","12:50:00",,,,,
"WH-Prüfung","StundenplanTW","EDV_A6.08","Stundenplan
WH-Prüfung
trabesin
if-3C
EDV_A6.08","Stundenplan","07.10.2019","13:35:00","07.10.2019","14:20:00",,,,,
"ETS-SE","StundenplanTW","HS_F4.01","Stundenplan
ETS
Van DaMa
BIF-3C1
HS_F4.01","Stundenplan","07.10.2019","14:30:00","07.10.2019","16:00:00",,,,,
"MAT-UE","StundenplanTW","HS_A1.04A","Stundenplan
MAT
PorcheFr
BIF-3C 
HS_A1.04A","Stundenplan","08.10.2019","10:25:00","08.10.2019","12:05:00",,,,,
"MOSY-UE","StundenplanTW","HS_F4.22","Stundenplan
MOSY
WallerDa
BIF-3C 
HS_F4.22","Stundenplan","08.10.2019","13:35:00","08.10.2019","15:15:00",,,,,
"AI-UE","StundenplanTW","EDV_F1.02","Stundenplan
AI
RedlChr / SpielvCl
BIF-3C 
EDV_F1.02","Stundenplan","08.10.2019","15:15:00","08.10.2019","16:55:00",,,,,
"INN1-PRJ","StundenplanTW","HS_A1.04B","Stundenplan
INN1
DolezaDo / EckkraFl / EckkraFl / FidiHe / FidiHe / FidiHe / GeyerSy / GeyerSy / GeyerSy / HummelMi / MenseAl / MenseAl / MenseAl / MoedriFe / MoedriFe / MoedriFe / Paminger / Paminger / Paminger / RaabGe / RedlChr / RedlChr / RedlChr / RichteGe / RichteGe / RichteGe / RohatsLu / RohatsLu / RohatsLu / UrbauePh / WagnerJo / WagnerJo / WagnerJo
BIF-3C 
HS_A1.04B","Stundenplan","09.10.2019","09:40:00","09.10.2019","12:05:00",,,,,
"DAS-UE","StundenplanTW","EDV_A6.09","Stundenplan
DAS
MenseAl
BIF-3C 
EDV_A6.09","Stundenplan","09.10.2019","14:30:00","09.10.2019","16:00:00",,,,,
"SWE-VO","StundenplanTW","HS_A1.05","Stundenplan
SWE
ZaczekAr
BIF-3C 
HS_A1.05","Stundenplan","10.10.2019","08:00:00","10.10.2019","09:30:00",,,,,
"SWE-UE","StundenplanTW","EDV_F1.02","Stundenplan
SWE
HofmanAl / ZaczekAr
BIF-3C 
EDV_F1.02","Stundenplan","10.10.2019","09:40:00","10.10.2019","11:10:00",,,,,
"VSYS-UE","StundenplanTW","EDV_A6.10","Stundenplan
VSYS
PfeiffRe / RongitTh
BIF-3C 
EDV_A6.10","Stundenplan","10.10.2019","16:10:00","10.10.2019","17:40:00",,,,,
"AI-VO","StundenplanTW","HS_F2.03","Stundenplan
AI
RedlChr
BIF-3C 
HS_F2.03","Stundenplan","14.10.2019","09:40:00","14.10.2019","11:10:00",,,,,
"AIT-SE","StundenplanTW","SEM_B2.05","Stundenplan
AIT
SawczyNi
BIF-3C1
SEM_B2.05","Stundenplan","14.10.2019","12:05:00","14.10.2019","15:15:00",,,,,
"WH/komm.Pr","StundenplanTW","EDV_A2.06","Stundenplan
WH/komm.Pr
bachinge
if-3C
EDV_A2.06","Stundenplan","14.10.2019","17:50:00","14.10.2019","19:20:00",,,,,
"DAS-VO","StundenplanTW","HS_A1.05","Stundenplan
DAS
MenseAl
BIF-3C 
HS_A1.05","Stundenplan","15.10.2019","16:10:00","15.10.2019","17:40:00",,,,,
"Mathe 2","StundenplanTW","HS_A1.05","Stundenplan
Mathe 2
simeonov
if-3
HS_A1.05","Stundenplan","15.10.2019","17:50:00","15.10.2019","19:20:00",,,,,
"WH/komm.Pr","StundenplanTW","EDV_A6.08","Stundenplan
WH/komm.Pr
docsekm
if-3C
EDV_A6.08","Stundenplan","16.10.2019","10:25:00","16.10.2019","12:05:00",,,,,
"WH/komm.Pr","StundenplanTW","UEB_B2.01","Stundenplan
WH/komm.Pr
felleitn
if-3C
UEB_B2.01","Stundenplan","16.10.2019","12:05:00","16.10.2019","13:35:00",,,,,
"MOSY-VO","StundenplanTW","HS_A1.04A","Stundenplan
MOSY
WallerDa
BIF-3C 
HS_A1.04A","Stundenplan","17.10.2019","10:25:00","17.10.2019","12:05:00",,,,,
"DBS-VO","StundenplanTW","HS_F2.01","Stundenplan
DBS
DocsekMa
BIF-3C 
HS_F2.01","Stundenplan","17.10.2019","14:30:00","17.10.2019","16:00:00",,,,,
"SWE-UE","StundenplanTW","EDV_A2.06","Stundenplan
SWE
PetzMa / WallisBe
BIF-3C 
EDV_A2.06","Stundenplan","17.10.2019","16:10:00","17.10.2019","17:40:00",,,,,
"VSYS-VO","StundenplanTW","HS_A1.04A","Stundenplan
VSYS
NimmerAl
BIF-3C 
HS_A1.04A","Stundenplan","17.10.2019","17:50:00","17.10.2019","19:20:00",,,,,
"MAT-UE","StundenplanTW","UEB_A1.07","Stundenplan
MAT
PorcheFr
BIF-3C 
UEB_A1.07","Stundenplan","18.10.2019","08:00:00","18.10.2019","09:30:00",,,,,
"MAT-VO","StundenplanTW","HS_A1.05","Stundenplan
MAT
SimeonEm
BIF-3C 
HS_A1.05","Stundenplan","21.10.2019","08:00:00","21.10.2019","09:30:00",,,,,
"DBS-UE","StundenplanTW","EDV_F1.01","Stundenplan
DBS
DocsekMa / WottawFr
BIF-3C 
EDV_F1.01","Stundenplan","21.10.2019","13:35:00","21.10.2019","15:15:00",,,,,
"AI-UE","StundenplanTW","EDV_F1.02","Stundenplan
AI
RedlChr / SpielvCl
BIF-3C 
EDV_F1.02","Stundenplan","21.10.2019","15:15:00","21.10.2019","16:55:00",,,,,
"MAT-VO","StundenplanTW","HS_A1.04A","Stundenplan
MAT
SimeonEm
BIF-3C 
HS_A1.04A","Stundenplan","23.10.2019","12:05:00","23.10.2019","13:35:00",,,,,
"MOSY-UE","StundenplanTW","UEB_A1.08","Stundenplan
MOSY
WallerDa
BIF-3C 
UEB_A1.08","Stundenplan","23.10.2019","13:35:00","23.10.2019","15:15:00",,,,,
"SWE-VO","StundenplanTW","HS_A1.05","Stundenplan
SWE
ZaczekAr
BIF-3C 
HS_A1.05","Stundenplan","24.10.2019","08:00:00","24.10.2019","09:30:00",,,,,
"SWE-UE","StundenplanTW","EDV_F1.03","Stundenplan
SWE
HofmanAl / ZaczekAr
BIF-3C 
EDV_F1.03","Stundenplan","24.10.2019","09:40:00","24.10.2019","11:10:00",,,,,
"DAS-UE","StundenplanTW","EDV_A2.06","Stundenplan
DAS
MenseAl
BIF-3C 
EDV_A2.06","Stundenplan","24.10.2019","11:20:00","24.10.2019","12:50:00",,,,,
"PJM2-UE","StundenplanTW","HS_A3.13","Stundenplan
PJM2
SchweiSv
BIF-3C 
HS_A3.13","Stundenplan","24.10.2019","14:30:00","24.10.2019","16:00:00",,,,,
"MAT-UE","StundenplanTW","UEB_A1.07","Stundenplan
MAT
PorcheFr
BIF-3C 
UEB_A1.07","Stundenplan","25.10.2019","08:00:00","25.10.2019","09:30:00",,,,,
"VSYS-UE","StundenplanTW","EDV_A2.07","Stundenplan
VSYS
PfeiffRe / RongitTh
BIF-3C 
EDV_A2.07","Stundenplan","25.10.2019","09:40:00","25.10.2019","11:10:00",,,,,
"WH/komm.Pr","StundenplanTW","EDV_A6.08","Stundenplan
WH/komm.Pr
pfeiffer
if-3C
EDV_A6.08","Stundenplan","25.10.2019","11:20:00","25.10.2019","12:50:00",,,,,
"ETS-SE","StundenplanTW","HS_F4.01","Stundenplan
ETS
Van DaMa
BIF-3C1
HS_F4.01","Stundenplan","28.10.2019","12:50:00","28.10.2019","14:20:00",,,,,
"WH/komm.Pr","StundenplanTW","EDV_A5.10","Stundenplan
WH/komm.Pr
pohn
if-3C
EDV_A5.10","Stundenplan","28.10.2019","16:10:00","28.10.2019","17:40:00",,,,,
"SWE-UE","StundenplanTW","EDV_A2.06","Stundenplan
SWE
PetzMa / WallisBe
BIF-3C 
EDV_A2.06","Stundenplan","29.10.2019","08:45:00","29.10.2019","10:25:00",,,,,
"AI-VO","StundenplanTW","HS_A1.04A","Stundenplan
AI
RedlChr
BIF-3C 
HS_A1.04A","Stundenplan","29.10.2019","12:05:00","29.10.2019","13:35:00",,,,,
"DBS-VO","StundenplanTW","HS_F2.03","Stundenplan
DBS
DocsekMa
BIF-3C 
HS_F2.03","Stundenplan","29.10.2019","14:30:00","29.10.2019","16:00:00",,,,,
"MOSY-VO","StundenplanTW","HS_F2.03","Stundenplan
MOSY
WallerDa
BIF-3C 
HS_F2.03","Stundenplan","30.10.2019","10:25:00","30.10.2019","12:05:00",,,,,
"VSYS-VO","StundenplanTW","HS_A1.05","Stundenplan
VSYS
NimmerAl
BIF-3C 
HS_A1.05","Stundenplan","30.10.2019","12:05:00","30.10.2019","13:35:00",,,,,
"DAS-VO","StundenplanTW","HS_F0.02","Stundenplan
DAS
MenseAl
BIF-3C 
HS_F0.02","Stundenplan","30.10.2019","13:35:00","30.10.2019","14:20:00",,,,,
"INN1-PRJ","StundenplanTW","HS_F0.02","Stundenplan
INN1
DolezaDo / EckkraFl / EckkraFl / FidiHe / FidiHe / FidiHe / GeyerSy / GeyerSy / GeyerSy / HummelMi / MenseAl / MenseAl / MenseAl / MoedriFe / MoedriFe / MoedriFe / Paminger / Paminger / Paminger / RaabGe / RedlChr / RedlChr / RedlChr / RichteGe / RichteGe / RichteGe / RohatsLu / RohatsLu / RohatsLu / UrbauePh / WagnerJo / WagnerJo / WagnerJo / WahlHa
BIF-3C 
HS_F0.02","Stundenplan","30.10.2019","15:15:00","30.10.2019","17:40:00",,,,,
"MAT-VO","StundenplanTW","HS_A1.04A","Stundenplan
MAT
SimeonEm
BIF-3C 
HS_A1.04A","Stundenplan","31.10.2019","09:40:00","31.10.2019","11:10:00",,,,,
"PJM2-UE","StundenplanTW","HS_A3.15","Stundenplan
PJM2
SchweiSv
BIF-3C 
HS_A3.15","Stundenplan","31.10.2019","11:20:00","31.10.2019","12:50:00",,,,,
"TUSWE1-TUT","StundenplanTW","EDV_A5.08","Stundenplan
TUSWE1
GebaueJe
BIF-3C 
EDV_A5.08","Stundenplan","04.11.2019","11:20:00","04.11.2019","12:50:00",,,,,
"AI-UE","StundenplanTW","EDV_A2.06","Stundenplan
AI
RedlChr / SpielvCl
BIF-3C 
EDV_A2.06","Stundenplan","04.11.2019","14:30:00","04.11.2019","16:00:00",,,,,
"DBS-UE","StundenplanTW","EDV_A2.07","Stundenplan
DBS
DocsekMa / WottawFr
BIF-3C 
EDV_A2.07","Stundenplan","04.11.2019","16:10:00","04.11.2019","17:40:00",,,,,
"TUSWE1-TUT","StundenplanTW","EDV_A5.08","Stundenplan
TUSWE1
GebaueJe
BIF-3C 
EDV_A5.08","Stundenplan","05.11.2019","09:40:00","05.11.2019","11:10:00",,,,,
"DAS-UE","StundenplanTW","EDV_F1.02","Stundenplan
DAS
MenseAl
BIF-3C 
EDV_F1.02","Stundenplan","05.11.2019","11:20:00","05.11.2019","12:05:00",,,,,
"MAT-UE","StundenplanTW","UEB_A1.07","Stundenplan
MAT
PorcheFr
BIF-3C 
UEB_A1.07","Stundenplan","05.11.2019","12:05:00","05.11.2019","13:35:00",,,,,
"MOSY-UE","StundenplanTW","UEB_A1.08","Stundenplan
MOSY
WallerDa
BIF-3C 
UEB_A1.08","Stundenplan","05.11.2019","13:35:00","05.11.2019","15:15:00",,,,,
"KFMG-ILV","StundenplanTW","EDV_A6.10","Stundenplan
KFMG
PetzMa
BIF-3C 
EDV_A6.10","Stundenplan","05.11.2019","15:15:00","05.11.2019","16:55:00",,,,,
"SWE-VO","StundenplanTW","HS_F0.02","Stundenplan
SWE
ZaczekAr
BIF-3C 
HS_F0.02","Stundenplan","07.11.2019","08:00:00","07.11.2019","09:30:00",,,,,
"SWE-UE","StundenplanTW","EDV_F1.02","Stundenplan
SWE
HofmanAl / ZaczekAr
BIF-3C 
EDV_F1.02","Stundenplan","07.11.2019","11:20:00","07.11.2019","12:50:00",,,,,
"VSYS-UE","StundenplanTW","EDV_F1.02","Stundenplan
VSYS
PfeiffRe / RongitTh
BIF-3C 
EDV_F1.02","Stundenplan","07.11.2019","12:50:00","07.11.2019","14:20:00",,,,,
"PJM2-UE","StundenplanTW","UEB_A1.06","Stundenplan
PJM2
SchweiSv
BIF-3C 
UEB_A1.06","Stundenplan","07.11.2019","14:30:00","07.11.2019","16:00:00",,,,,
"BIF JF","StundenplanTW","HS_A1.04B","Stundenplan
BIF JF
nimm
if-3C
HS_A1.04B","Stundenplan","11.11.2019","08:45:00","11.11.2019","09:30:00",,,,,
"BIF JF","StundenplanTW","HS_A1.04B","Stundenplan
BIF JF
wahl
if-3C
HS_A1.04B","Stundenplan","11.11.2019","08:45:00","11.11.2019","09:30:00",,,,,
"KFMG-ILV","StundenplanTW","EDV_A2.07","Stundenplan
KFMG
PetzMa
BIF-3C 
EDV_A2.07","Stundenplan","11.11.2019","10:25:00","11.11.2019","12:05:00",,,,,
"VSYS-VO","StundenplanTW","HS_A1.05","Stundenplan
VSYS
NimmerAl
BIF-3C 
HS_A1.05","Stundenplan","11.11.2019","12:05:00","11.11.2019","13:35:00",,,,,
"DBS-VO","StundenplanTW","HS_A1.04B","Stundenplan
DBS
DocsekMa
BIF-3C 
HS_A1.04B","Stundenplan","11.11.2019","15:15:00","11.11.2019","16:55:00",,,,,
"TUSWE1-TUT","StundenplanTW","HS_F2.03","Stundenplan
TUSWE1
GebaueJe / HofbauAl
BIF-3C 
HS_F2.03","Stundenplan","11.11.2019","16:55:00","11.11.2019","18:35:00",,,,,
"MAT-UE","StundenplanTW","UEB_A1.07","Stundenplan
MAT
PorcheFr
BIF-3C 
UEB_A1.07","Stundenplan","12.11.2019","10:25:00","12.11.2019","12:05:00",,,,,
"AI-VO","StundenplanTW","HS_A1.04B","Stundenplan
AI
RedlChr
BIF-3C 
HS_A1.04B","Stundenplan","12.11.2019","12:05:00","12.11.2019","13:35:00",,,,,
"SWE-UE","StundenplanTW","EDV_F1.02","Stundenplan
SWE
PetzMa / WallisBe
BIF-3C 
EDV_F1.02","Stundenplan","12.11.2019","13:35:00","12.11.2019","15:15:00",,,,,
"komm.Prüf.","StundenplanTW","EDV_A6.09","Stundenplan
komm.Prüf.
bachinge
if-3C
EDV_A6.09","Stundenplan","13.11.2019","10:25:00","13.11.2019","12:05:00",,,,,
"TUSWE1-TUT","StundenplanTW","EDV_F2.02","Stundenplan
TUSWE1
GebaueJe / HofbauAl
BIF-3C 
EDV_F2.02","Stundenplan","13.11.2019","12:05:00","13.11.2019","15:15:00",,,,,
"MOSY-VO","StundenplanTW","HS_F0.02","Stundenplan
MOSY
WallerDa
BIF-3C 
HS_F0.02","Stundenplan","14.11.2019","09:40:00","14.11.2019","11:10:00",,,,,
"AI-UE","StundenplanTW","EDV_A6.10","Stundenplan
AI
RedlChr / SpielvCl
BIF-3C 
EDV_A6.10","Stundenplan","18.11.2019","09:40:00","18.11.2019","11:10:00",,,,,
"KFMG-ILV","StundenplanTW","EDV_A2.07","Stundenplan
KFMG
PetzMa
BIF-3C 
EDV_A2.07","Stundenplan","18.11.2019","12:50:00","18.11.2019","14:20:00",,,,,
"INN1-PRJ","StundenplanTW","HS_F2.01","Stundenplan
INN1
DolezaDo / EckkraFl / EckkraFl / FidiHe / FidiHe / FidiHe / GeyerSy / GeyerSy / GeyerSy / HummelMi / MoedriFe / MoedriFe / MoedriFe / Paminger / Paminger / Paminger / RaabGe / RedlChr / RedlChr / RichteGe / RichteGe / RichteGe / RohatsLu / RohatsLu / RohatsLu / UrbauePh / WagnerJo / WagnerJo / WagnerJo
BIF-3C 
HS_F2.01","Stundenplan","18.11.2019","15:15:00","18.11.2019","17:40:00",,,,,
"Mathe 2 ","StundenplanTW","HS_F2.01","Stundenplan
Mathe 2 
simeonov
if-3
HS_F2.01","Stundenplan","18.11.2019","17:50:00","18.11.2019","19:20:00",,,,,
"MAT-UE","StundenplanTW","UEB_A1.07","Stundenplan
MAT
PorcheFr
BIF-3C 
UEB_A1.07","Stundenplan","19.11.2019","10:25:00","19.11.2019","12:05:00",,,,,
"MOSY-UE","StundenplanTW","UEB_A1.08","Stundenplan
MOSY
WallerDa
BIF-3C 
UEB_A1.08","Stundenplan","19.11.2019","13:35:00","19.11.2019","15:15:00",,,,,
"SWE-VO","StundenplanTW","HS_A1.05","Stundenplan
SWE
ZaczekAr
BIF-3C 
HS_A1.05","Stundenplan","21.11.2019","08:00:00","21.11.2019","09:30:00",,,,,
"SWE-UE","StundenplanTW","EDV_F1.02","Stundenplan
SWE
HofmanAl / ZaczekAr
BIF-3C 
EDV_F1.02","Stundenplan","21.11.2019","09:40:00","21.11.2019","11:10:00",,,,,
"PJM2-UE","StundenplanTW","UEB_A1.06","Stundenplan
PJM2
SchweiSv
BIF-3C 
UEB_A1.06","Stundenplan","21.11.2019","14:30:00","21.11.2019","16:00:00",,,,,
"AI-VO","StundenplanTW","HS_F2.03","Stundenplan
AI
RedlChr
BIF-3C 
HS_F2.03","Stundenplan","25.11.2019","09:40:00","25.11.2019","11:10:00",,,,,
"DBS-UE","StundenplanTW","EDV_A2.06","Stundenplan
DBS
DocsekMa / WottawFr
BIF-3C 
EDV_A2.06","Stundenplan","25.11.2019","11:20:00","25.11.2019","12:50:00",,,,,
"KFMG-ILV","StundenplanTW","EDV_A6.10","Stundenplan
KFMG
PetzMa
BIF-3C 
EDV_A6.10","Stundenplan","25.11.2019","12:50:00","25.11.2019","14:20:00",,,,,
"VSYS-VO","StundenplanTW","HS_F2.01","Stundenplan
VSYS
NimmerAl
BIF-3C 
HS_F2.01","Stundenplan","26.11.2019","08:45:00","26.11.2019","10:25:00",,,,,
"MAT-UE","StundenplanTW","HS_F2.01","Stundenplan
MAT
PorcheFr
BIF-3C 
HS_F2.01","Stundenplan","26.11.2019","10:25:00","26.11.2019","12:05:00",,,,,
"SWE-UE","StundenplanTW","EDV_A2.07","Stundenplan
SWE
PetzMa / WallisBe
BIF-3C 
EDV_A2.07","Stundenplan","26.11.2019","12:05:00","26.11.2019","13:35:00",,,,,
"DBS-VO","StundenplanTW","HS_F2.01","Stundenplan
DBS
DocsekMa
BIF-3C 
HS_F2.01","Stundenplan","26.11.2019","13:35:00","26.11.2019","15:15:00",,,,,
"MOSY-VO","StundenplanTW","HS_A3.14","Stundenplan
MOSY
WallerDa
BIF-3C 
HS_A3.14","Stundenplan","28.11.2019","09:40:00","28.11.2019","11:10:00",,,,,
"KFMG-ILV","StundenplanTW","EDV_A2.06","Stundenplan
KFMG
PetzMa
BIF-3C 
EDV_A2.06","Stundenplan","02.12.2019","09:40:00","02.12.2019","11:10:00",,,,,
"DBS-UE","StundenplanTW","EDV_A2.07","Stundenplan
DBS
DocsekMa / WottawFr
BIF-3C 
EDV_A2.07","Stundenplan","02.12.2019","11:20:00","02.12.2019","12:50:00",,,,,
"ETS-SE","StundenplanTW","SEM_F5.03","Stundenplan
ETS
Van DaMa
BIF-3C1
SEM_F5.03","Stundenplan","02.12.2019","12:50:00","02.12.2019","14:20:00",,,,,
"INN1-PRJ","StundenplanTW","HS_F2.03","Stundenplan
INN1
DolezaDo / EckkraFl / EckkraFl / FidiHe / FidiHe / FidiHe / GeyerSy / GeyerSy / GeyerSy / HummelMi / MenseAl / MenseAl / MenseAl / MoedriFe / MoedriFe / MoedriFe / Paminger / Paminger / Paminger / RaabGe / RedlChr / RedlChr / RedlChr / RichteGe / RichteGe / RichteGe / RohatsLu / RohatsLu / RohatsLu / UrbauePh / WagnerJo / WagnerJo / WagnerJo / WahlHa
BIF-3C 
HS_F2.03","Stundenplan","03.12.2019","15:15:00","03.12.2019","17:40:00",,,,,
"IO Info","StundenplanTW","HS_A1.04B","Stundenplan
IO Info
wachterj
if-3C
HS_A1.04B","Stundenplan","04.12.2019","14:30:00","04.12.2019","15:15:00",,,,,
"MOSY-UE","StundenplanTW","UEB_A1.08","Stundenplan
MOSY
WallerDa
BIF-3C 
UEB_A1.08","Stundenplan","04.12.2019","15:15:00","04.12.2019","16:55:00",,,,,
"IO Info","StundenplanTW","HS_A1.04B","Stundenplan
IO Info
wachterj
if-3C
HS_A1.04B","Stundenplan","04.12.2019","15:15:00","04.12.2019","16:00:00",,,,,
"SWE-VO","StundenplanTW","HS_F0.02","Stundenplan
SWE
ZaczekAr
BIF-3C 
HS_F0.02","Stundenplan","05.12.2019","08:00:00","05.12.2019","09:30:00",,,,,
"SWE-UE","StundenplanTW","EDV_F1.02","Stundenplan
SWE
HofmanAl / ZaczekAr
BIF-3C 
EDV_F1.02","Stundenplan","05.12.2019","09:40:00","05.12.2019","11:10:00",,,,,
"PJM2-UE","StundenplanTW","HS_F2.03","Stundenplan
PJM2
SchweiSv
BIF-3C 
HS_F2.03","Stundenplan","05.12.2019","11:20:00","05.12.2019","12:50:00",,,,,
"AI-UE","StundenplanTW","EDV_A2.06","Stundenplan
AI
RedlChr / SpielvCl
BIF-3C 
EDV_A2.06","Stundenplan","05.12.2019","16:10:00","05.12.2019","17:40:00",,,,,
"VSYS-UE","StundenplanTW","EDV_F2.02","Stundenplan
VSYS
BergeWol / RongitTh
BIF-3C 
EDV_F2.02","Stundenplan","09.12.2019","08:00:00","09.12.2019","09:30:00",,,,,
"SWE-VO","StundenplanTW","EDV_A2.07 / EDV_A2.06","Stundenplan
SWE
ZaczekAr
BIF-3C 
EDV_A2.07 / EDV_A2.06","Stundenplan","09.12.2019","11:20:00","09.12.2019","12:50:00",,,,,
"ETS-SE","StundenplanTW","HS_F4.02","Stundenplan
ETS
Van DaMa
BIF-3C1
HS_F4.02","Stundenplan","09.12.2019","16:55:00","09.12.2019","18:35:00",,,,,
"KFMG-ILV","StundenplanTW","EDV_A6.09","Stundenplan
KFMG
PetzMa
BIF-3C 
EDV_A6.09","Stundenplan","10.12.2019","11:20:00","10.12.2019","12:50:00",,,,,
"VSYS-VO","StundenplanTW","HS_A1.05","Stundenplan
VSYS
NimmerAl
BIF-3C 
HS_A1.05","Stundenplan","10.12.2019","12:50:00","10.12.2019","14:20:00",,,,,
"DBS-VO","StundenplanTW","HS_A1.05","Stundenplan
DBS
DocsekMa
BIF-3C 
HS_A1.05","Stundenplan","10.12.2019","14:30:00","10.12.2019","16:00:00",,,,,
"AI-VO","StundenplanTW","HS_A1.05","Stundenplan
AI
RedlChr
BIF-3C 
HS_A1.05","Stundenplan","12.12.2019","09:40:00","12.12.2019","11:10:00",,,,,
"KFMG-ILV","StundenplanTW","EDV_A6.10","Stundenplan
KFMG
PetzMa
BIF-3C 
EDV_A6.10","Stundenplan","16.12.2019","09:40:00","16.12.2019","11:10:00",,,,,
"INN1-PRJ","StundenplanTW","HS_F0.02","Stundenplan
INN1
DolezaDo / EckkraFl / EckkraFl / FidiHe / FidiHe / FidiHe / GeyerSy / GeyerSy / GeyerSy / HummelMi / MenseAl / MenseAl / MenseAl / MoedriFe / MoedriFe / MoedriFe / Paminger / Paminger / Paminger / RaabGe / RedlChr / RedlChr / RedlChr / RichteGe / RichteGe / RichteGe / RohatsLu / RohatsLu / RohatsLu / UrbauePh / WagnerJo / WagnerJo / WagnerJo / WahlHa
BIF-3C 
HS_F0.02","Stundenplan","16.12.2019","15:15:00","16.12.2019","17:40:00",,,,,
"MOSY-VO","StundenplanTW","HS_A1.04A","Stundenplan
MOSY
WallerDa
BIF-3C 
HS_A1.04A","Stundenplan","17.12.2019","08:00:00","17.12.2019","09:30:00",,,,,
"SWE-UE","StundenplanTW","EDV_A2.07","Stundenplan
SWE
PetzMa / WallisBe
BIF-3C 
EDV_A2.07","Stundenplan","17.12.2019","09:40:00","17.12.2019","11:10:00",,,,,
"MOSY-UE","StundenplanTW","UEB_A1.08","Stundenplan
MOSY
WallerDa
BIF-3C 
UEB_A1.08","Stundenplan","17.12.2019","11:20:00","17.12.2019","12:50:00",,,,,
"PJM2-UE","StundenplanTW","HS_A3.15","Stundenplan
PJM2
SchweiSv
BIF-3C 
HS_A3.15","Stundenplan","19.12.2019","14:30:00","19.12.2019","16:00:00",,,,,
"AI-UE","StundenplanTW","EDV_F1.02","Stundenplan
AI
RedlChr / SpielvCl
BIF-3C 
EDV_F1.02","Stundenplan","19.12.2019","16:10:00","19.12.2019","17:40:00",,,,,
"MOSY-VO","StundenplanTW","HS_F0.02","Stundenplan
MOSY
WallerDa
BIF-3C 
HS_F0.02","Stundenplan","07.01.2020","10:25:00","07.01.2020","12:05:00",,,,,
"ETS-SE","StundenplanTW","HS_F4.02","Stundenplan
ETS
Van DaMa
BIF-3C1
HS_F4.02","Stundenplan","07.01.2020","12:05:00","07.01.2020","13:35:00",,,,,
"DBS-UE","StundenplanTW","EDV_A2.06","Stundenplan
DBS
DocsekMa / WottawFr
BIF-3C 
EDV_A2.06","Stundenplan","07.01.2020","13:35:00","07.01.2020","15:15:00",,,,,
"VSYS-UE","StundenplanTW","EDV_A2.06","Stundenplan
VSYS
BergeWol / RongitTh
BIF-3C 
EDV_A2.06","Stundenplan","09.01.2020","08:00:00","09.01.2020","09:30:00",,,,,
"SWE-UE","StundenplanTW","EDV_A2.06","Stundenplan
SWE
HofmanAl / ZaczekAr
BIF-3C 
EDV_A2.06","Stundenplan","09.01.2020","09:40:00","09.01.2020","11:10:00",,,,,
"INN1-PRJ","StundenplanTW","HS_F0.02","Stundenplan
INN1
DolezaDo / EckkraFl / EckkraFl / FidiHe / FidiHe / FidiHe / GeyerSy / GeyerSy / GeyerSy / HummelMi / MenseAl / MenseAl / MenseAl / MoedriFe / MoedriFe / MoedriFe / Paminger / Paminger / Paminger / RaabGe / RedlChr / RedlChr / RedlChr / RichteGe / RichteGe / RichteGe / RohatsLu / RohatsLu / RohatsLu / UrbauePh / WagnerJo / WagnerJo / WagnerJo / WahlHa
BIF-3C 
HS_F0.02","Stundenplan","17.01.2020","13:35:00","17.01.2020","16:00:00",,,,,
"VSYS-UE","StundenplanTW","EDV_A2.06","Stundenplan
VSYS
BergeWol / RongitTh
BIF-3C 
EDV_A2.06","Stundenplan","20.01.2020","08:00:00","20.01.2020","09:30:00",,,,,
"MAT-UE","StundenplanTW","HS_F2.03","Stundenplan
MAT
PorcheFr
BIF-3C 
HS_F2.03","Stundenplan","23.01.2020","08:45:00","23.01.2020","10:25:00",,,,,
"INN1-PRJ","StundenplanTW","HS_F2.03","Stundenplan
INN1
DolezaDo / EckkraFl / EckkraFl / FidiHe / FidiHe / FidiHe / GeyerSy / GeyerSy / GeyerSy / HummelMi / MenseAl / MenseAl / MenseAl / MoedriFe / MoedriFe / MoedriFe / Paminger / Paminger / Paminger / RaabGe / RedlChr / RedlChr / RedlChr / RichteGe / RichteGe / RichteGe / RohatsLu / RohatsLu / RohatsLu / UrbauePh / WagnerJo / WagnerJo / WagnerJo / WahlHa
BIF-3C 
HS_F2.03","Stundenplan","27.01.2020","13:35:00","27.01.2020","16:00:00",,,,,
